,lactate,oobventday1,eyes,motor,verbal,albumin_x,age,creatinine_x,BUN,PT - INR,WBC x 1000,meanbp
count,9942.0,13083.0,12552.0,12507.0,12546.0,9754.0,12601.0,12778.0,12781.0,11203.0,12783.0,12938.0
mean,5.1441121680687685,0.777344645723458,2.438655194391332,3.982889581834173,2.2860672724374305,2.6372090055646247,73.84890088088247,2.0298507818702136,39.22176574897403,1.9989937880991029,16.165567093386624,78.1726996151215
std,4.44368460945304,0.41604468254914867,1.3169755909542347,2.129359215285316,1.9187627323914216,0.6862675517188607,42.66143225637013,1.5918305370612855,25.361482387627024,1.6556197201682967,16.073366000205414,40.40327449014787
min,0.3,0.0,1.0,1.0,0.0,0.6,0.0,0.145,2.0,0.8,0.0,17.428571428571427
25%,1.9,1.0,1.0,1.0,1.0,2.15,58.0,1.0,21.0,1.2,9.7,48.0
50%,3.5291666666666663,1.0,3.0,5.0,1.0,2.6,70.0,1.545,32.857142857142854,1.5,13.79,64.92820522601787
75%,6.980000000000001,1.0,4.0,6.0,4.0,3.1,80.0,2.5,51.0,2.2,19.009444444444444,88.29257957704608
max,32.6,1.0,4.0,6.0,5.0,5.3,311.0,21.94,272.0,42.0,600.2,200.0
